all_objects,web_compatible_objects
"1.1.mov","web_compatible_1.1.mp4"
"1.2.mov","web_compatible_1.2.mp4"
"1.3.mov","web_compatible_1.3.mp4"
"1.4.mov","web_compatible_1.4.mp4"
"1.5.mov","web_compatible_1.5.mp4"
"2.1.mov","web_compatible_2.1.mp4"
"2.2.mov","web_compatible_2.2.mp4"
"2.3.mov","web_compatible_2.3.mp4"
"2.4.mov","web_compatible_2.4.mp4"
"2.5.mov","web_compatible_2.5.mp4"
"3.1.mov","web_compatible_3.1.mp4"
"3.2.mov","web_compatible_3.2.mp4"
"3.3.mov","web_compatible_3.3.mp4"
"3.4.mov","web_compatible_3.4.mp4"
"3.5.mov","web_compatible_3.5.mp4"
"4.1.mov","web_compatible_4.1.mp4"
"4.2.mov","web_compatible_4.2.mp4"
"4.3.mov","web_compatible_4.3.mp4"
"4.4.mov","web_compatible_4.4.mp4"
"4.5.mov","web_compatible_4.5.mp4"
"5.1.mov","web_compatible_5.1.mp4"
"5.2.mov","web_compatible_5.2.mp4"
"5.3.mov","web_compatible_5.3.mp4"
"5.4.mov","web_compatible_5.4.mp4"
"5.5.mov","web_compatible_5.5.mp4"
"web_compatible_1.1.mp4",""
"web_compatible_1.2.mp4",""
"web_compatible_1.3.mp4",""
"web_compatible_1.4.mp4",""
"web_compatible_1.5.mp4",""
"web_compatible_2.1.mp4",""
"web_compatible_2.2.mp4",""
"web_compatible_2.3.mp4",""
"web_compatible_2.4.mp4",""
"web_compatible_2.5.mp4",""
"web_compatible_3.1.mp4",""
"web_compatible_3.2.mp4",""
"web_compatible_3.3.mp4",""
"web_compatible_3.4.mp4",""
"web_compatible_3.5.mp4",""
"web_compatible_4.1.mp4",""
"web_compatible_4.2.mp4",""
"web_compatible_4.3.mp4",""
"web_compatible_4.4.mp4",""
"web_compatible_4.5.mp4",""
"web_compatible_5.1.mp4",""
"web_compatible_5.2.mp4",""
"web_compatible_5.3.mp4",""
"web_compatible_5.4.mp4",""
"web_compatible_5.5.mp4",""
